﻿id,clave,rol,nombre,correo,fechaNacimiento,genero,tipoMembresia,fechaInicio,fechaVencimiento,montoPagar,estadoPago,estado
1023945871,a1b2C!,administrador,Carlos Pérez,carlos.perez@gimnacio.com,12/08/1985,Masculino,,,,,,activo
1098765432,G5m!7y,administrador,María Ruiz,maria.ruiz@gimnacio.com,19/09/1982,Femenino,,,,,,activo
1738495021,H9b!6s,administrador,Andrés Mejía,andres.mejia@gimnacio.com,17/01/1980,Masculino,,,,,,activo
1823456903,Z9x8@e,usuario,Ana Gómez,ana.gomez@ejemplo.com,23/11/1990,Femenino,Plata,15/02/2024,15/03/2024,45000.00,debiendo,activo
1357892465,K2j3#5,usuario,Luis Torres,luis.torres@ejemplo.com,04/05/1987,Masculino,Bronce,01/03/2024,01/04/2024,0.00,pagado,activo
1203948576,Q7r$1x,usuario,Pedro Sánchez,pedro.sanchez@ejemplo.com,30/12/1991,Masculino,Plata,01/04/2024,01/05/2024,45000.00,debiendo,inactivo
1987654321,W1t@8k,usuario,Lucía Fernández,lucia.fernandez@ejemplo.com,11/03/1993,Femenino,Bronce,05/05/2024,05/06/2024,30000.00,debiendo,activo
1657384920,N8o@2z,usuario,Sara López,sara.lopez@ejemplo.com,14/02/1995,Femenino,Plata,01/07/2024,01/08/2024,45000.00,debiendo,activo
1548739206,T3l%4f,usuario,Laura Díaz,laura.diaz@ejemplo.com,22/10/1992,Femenino,Bronce,15/10/2023,15/11/2023,0.00,pagado,activo
1403985726,V4p#9q,usuario,Raúl Martínez,raul.martinez@ejemplo.com,28/06/1988,Masculino,Oro,01/06/2024,01/07/2024,60000.00,debiendo,activo
1245789632,L6f%7b,usuario,Elena Ramírez,elena.ramirez@ejemplo.com,05/09/1991,Femenino,Oro,01/08/2024,01/09/2024,60000.00,debiendo,activo
1763948572,X9k!2c,usuario,José Herrera,jose.herrera@ejemplo.com,17/12/1989,Masculino,Plata,01/09/2024,01/10/2024,45000.00,debiendo,activo
1938475602,Y3m$5j,usuario,Daniela Pérez,daniela.perez@ejemplo.com,09/11/1994,Femenino,Oro,01/10/2024,01/11/2024,0.00, pagado,activo
1827394056,G1v#4w,usuario,Manuel Ortega,manuel.ortega@ejemplo.com,25/03/1990,Masculino,Bronce,01/09/2024,01/10/2024,30000.0,debiendo,activo
1359720486,P4n@9m,usuario,Isabel Navarro,isabel.navarro@ejemplo.com,30/05/1993,Femenino,Plata,15/08/2024,15/09/2024,45000.00,debiendo,activo
1820365948,H4q!7k,usuario,Roberto Castro,roberto.castro@ejemplo.com,15/04/1985,Masculino,Oro,01/07/2024,01/08/2024,60000.00,debiendo,inactivo
1982647385,F9v%2l,usuario,Adriana Morales,adriana.morales@ejemplo.com,22/09/1992,Femenino,Plata,01/05/2024,01/06/2024,45000.00,debiendo,activo
1428576903,K5d@7h,usuario,Camilo Suárez,camilo.suarez@ejemplo.com,18/11/1987,Masculino,Bronce,01/03/2024,01/04/2024,0.00,pagado,activo
1948573629,L9t@1m,usuario,Paula Castillo,paula.castillo@ejemplo.com,12/07/1991,Femenino,Plata,01/10/2024,01/11/2024,45000.00,debiendo,activo
1982746195,B6j#3k,usuario,Javier Mendoza,javier.mendoza@ejemplo.com,23/02/1988,Masculino,Oro,01/06/2024,01/07/2024,60000.00,debiendo,activo
1328456709,T8h@4n,usuario,Gloria Ramírez,gloria.ramirez@ejemplo.com,03/11/1992,Femenino,Bronce,01/07/2024,01/08/2024,30000.00,debiendo,activo
1439872056,C9p$2r,usuario,Fernando Ríos,fernando.rios@ejemplo.com,11/05/1990,Masculino,Plata,01/09/2024,01/10/2024,45000.00,debiendo,inactivo
1578946230,Z5n@6q,usuario,Catalina Herrera,catalina.herrera@ejemplo.com,07/08/1995,Femenino,Oro,01/05/2024,01/06/2024,0.00,pagado,activo
1672839405,M7j%8b,usuario,Diego Vargas,diego.vargas@ejemplo.com,14/04/1986,Masculino,Bronce,01/10/2024,01/11/2024,0.00,pagado,activo
1958274036,P2k@9m,usuario,Sofía Guzmán,sofia.guzman@ejemplo.com,26/09/1993,Femenino,Plata,01/06/2024,01/07/2024,45000.00,debiendo,activo
1374928506,V3f#7l,usuario,Ricardo Morales,ricardo.morales@ejemplo.com,28/10/1987,Masculino,Oro,01/07/2024,01/08/2024,60000.00,debiendo,inactivo
1234987654,H1d@6s,usuario,Valeria Suárez,valeria.suarez@ejemplo.com,18/06/1994,Femenino,Bronce,01/05/2024,01/06/2024,0.00,pagado,activo
1492837465,X8r$2f,usuario,Esteban Ramírez,esteban.ramirez@ejemplo.com,22/01/1989,Masculino,Plata,01/08/2024,01/09/2024,45000.00,debiendo,activo
1956372810,G4k!9r,usuario,Alejandro Ortiz,alejandro.ortiz@ejemplo.com,13/12/1988,Masculino,Plata,01/07/2024,01/08/2024,45000.00,debiendo,activo
1458293764,B9p@5z,usuario,Victoria Sánchez,victoria.sanchez@ejemplo.com,05/03/1991,Femenino,Oro,01/08/2024,01/09/2024,60000.00,debiendo,inactivo
1672849302,H3t#7m,usuario,Claudia Ramírez,claudia.ramirez@ejemplo.com,17/10/1993,Femenino,Plata,01/06/2024,01/07/2024,0.00,pagado,activo
1298473560,K7n$4l,usuario,Rafael Herrera,rafael.herrera@ejemplo.com,11/08/1990,Masculino,Bronce,01/05/2024,01/06/2024,0.00,pagado,activo
1987346129,Z6m@3c,usuario,Beatriz Fernández,beatriz.fernandez@ejemplo.com,09/09/1994,Femenino,Oro,01/09/2024,01/10/2024,60000.00,debiendo,activo
1529837462,C8r%6n,usuario,Diego Camacho,diego.camacho@ejemplo.com,25/02/1987,Masculino,Plata,01/10/2024,01/11/2024,45000.00,debiendo,activo
1348275903,F5p!2k,usuario,Natalia Gutiérrez,natalia.gutierrez@ejemplo.com,30/07/1992,Femenino,Bronce,01/03/2024,01/04/2024,0.00,pagado,inactivo
1763852401,R9v#3d,usuario,Tomás Méndez,tomas.mendez@ejemplo.com,07/06/1990,Masculino,Oro,01/11/2024,01/12/2024,60000.00,debiendo,activo
1823947650,L4q@8s,usuario,Andrea Morales,andrea.morales@ejemplo.com,15/04/1995,Femenino,Plata,01/08/2024,01/09/2024,45000.00,debiendo,activo
1439582061,N2k!5j,usuario,Santiago López,santiago.lopez@ejemplo.com,20/01/1989,Masculino,Bronce,01/04/2024,01/05/2024,0.00,pagado,activo
1567384920,L5q@9n,usuario,Juliana Vega,juliana.vega@ejemplo.com,12/02/1991,Femenino,Oro,01/06/2024,01/07/2024,60000.00,debiendo,activo
1987563492,H3b#6t,usuario,Federico González,federico.gonzalez@ejemplo.com,17/09/1990,Masculino,Plata,01/07/2024,01/08/2024,0.00,pagado,activo
1673829401,D8k!2p,usuario,Carla Rodríguez,carla.rodriguez@ejemplo.com,23/11/1992,Femenino,Bronce,01/08/2024,01/09/2024,30000.00,debiendo,activo
1459273618,K6v@1m,usuario,José Pérez,jose.perez@ejemplo.com,19/03/1988,Masculino,Oro,01/09/2024,01/10/2024,60000.00,debiendo,activo
1792837462,F9r!7d,usuario,Claudia Gómez,claudia.gomez@ejemplo.com,01/10/1994,Femenino,Plata,01/10/2024,01/11/2024,45000.00,debiendo,inactivo
1324958670,M2n$3b,usuario,Samuel Ortega,samuel.ortega@ejemplo.com,15/05/1989,Masculino,Bronce,01/04/2024,01/05/2024,0.00,pagado,activo
1938471650,C5t#8m,usuario,Fernanda Jiménez,fernanda.jimenez@ejemplo.com,07/08/1993,Femenino,Oro,01/11/2024,01/12/2024,60000.00,debiendo,activo
1982735641,Z4v@6r,usuario,Carlos Núñez,carlos.nunez@ejemplo.com,24/12/1991,Masculino,Plata,01/09/2024,01/10/2024,45000.00,debiendo,activo
1783650921,Q9f!1c,usuario,Alejandra Ruiz,alejandra.ruiz@ejemplo.com,18/06/1995,Femenino,Bronce,01/05/2024,01/06/2024,0.00,pagado,activo
1648273509,L7h#4w,usuario,Fabio Salazar,fabio.salazar@ejemplo.com,09/04/1987,Masculino,Oro,01/07/2024,01/08/2024,60000.00,debiendo,activo
1258394726,P8k$5l,usuario,Daniela Reyes,daniela.reyes@ejemplo.com,13/07/1992,Femenino,Plata,01/06/2024,01/07/2024,45000.00,debiendo,inactivo
1749285362,X2m@3b,usuario,Marcos Castro,marcos.castro@ejemplo.com,29/08/1990,Masculino,Bronce,01/03/2024,01/04/2024,0.00,pagado,activo
1894720365,R9v!1t,usuario,Valeria Peña,valeria.pena@ejemplo.com,14/09/1994,Femenino,Oro,01/10/2024,01/11/2024,60000.00,debiendo,activo
1439582736,H1p#6f,usuario,Ignacio Rodríguez,ignacio.rodriguez@ejemplo.com,20/02/1986,Masculino,Plata,01/08/2024,01/09/2024,45000.00,debiendo,inactivo
1573826490,D5r!9c,usuario,María Morales,maria.morales@ejemplo.com,08/10/1991,Femenino,Bronce,01/09/2024,01/10/2024,0.00,pagado,activo
1283957461,Z8m@7b,usuario,Oscar Martínez,oscar.martinez@ejemplo.com,04/06/1989,Masculino,Oro,01/05/2024,01/06/2024,60000.00,debiendo,inactivo
1948273059,N6q#9m,usuario,Paola Vargas,paola.vargas@ejemplo.com,31/01/1995,Femenino,Plata,01/07/2024,01/08/2024,0.00,pagado,activo
1538496207,K3f!4p,usuario,Esteban Herrera,esteban.herrera@ejemplo.com,19/11/1987,Masculino,Bronce,01/04/2024,01/05/2024,0.00,pagado,activo
525737,aksjdds,usuario,hollaaa,ajhdsd,snjdcjnfdls,Femenino,,,,0.0,,activo
